{
  "loss_history": [
    4.588377058506012,
    4.339193046092987,
    4.2220825254917145
  ],
  "val_loss_history": [
    4.5285425491333005,
    4.361700752258301,
    4.149200210571289
  ],
  "val_acc_history": [
    2.8,
    4.2,
    5.4
  ],
  "val_loss": 4.149200210571289,
  "top1_accuracy": 5.4,
  "top5_accuracy": 24.6
}