{
  "loss_history": [],
  "val_loss_history": [
    0.7497431437174479,
    0.6558845783724929,
    0.5940833961292779,
    0.5525600092235582,
    0.5237188901736106,
    0.5028967756729621,
    0.487444675071931,
    0.475546083151004,
    0.4662173501340858,
    0.45870401178087505,
    0.4525749445993663,
    0.44744265182709797,
    0.44318724297857903,
    0.43950217162375843,
    0.4363834047730351,
    0.4336517355142734,
    0.43127729985621066,
    0.4291596446202431,
    0.4272991119525133,
    0.4256438300723121,
    0.4241428759707001,
    0.4228287684969056,
    0.4216462814962709,
    0.4205491199637904,
    0.4195684635794008
  ],
  "val_acc_history": [
    52.81385281385281,
    60.17316017316017,
    68.61471861471861,
    74.89177489177489,
    76.19047619047619,
    78.13852813852814,
    79.87012987012987,
    80.51948051948052,
    81.38528138528139,
    81.81818181818181,
    82.25108225108225,
    82.25108225108225,
    81.6017316017316,
    82.03463203463204,
    82.46753246753246,
    82.25108225108225,
    82.25108225108225,
    82.68398268398268,
    82.46753246753246,
    82.25108225108225,
    81.81818181818181,
    81.81818181818181,
    81.81818181818181,
    81.6017316017316,
    81.6017316017316
  ],
  "federated": {
    "loss": 0.4195684635794008,
    "accuracy": 81.6017316017316,
    "precision": 0.7567567567567568,
    "recall": 0.6956521739130435,
    "f1": 0.7249190938511327
  },
  "centralized": {
    "loss": 0.4087231301126026,
    "accuracy": 81.81818181818181,
    "precision": 0.7583892617449665,
    "recall": 0.7018633540372671,
    "f1": 0.7290322580645162
  },
  "accuracy_gap": 0.21645021645021245
}