{
  "loss_history": [
    0.582007821649313,
    0.17683577589690685,
    0.05968241360038519,
    0.06460989663377405,
    0.038454730128869415,
    0.02831520444713533,
    0.019933152589946986,
    0.014526374223642051,
    0.0023604606208391487,
    0.0012587914848700165,
    0.0005975084542296827,
    0.00047982531192246824,
    0.0003856272081611678,
    0.000321041201823391,
    0.00026800190011272207
  ],
  "val_loss_history": [
    0.19912413746118546,
    0.08410120397806167,
    0.040637744329869746,
    0.013528384566307068,
    0.013028274662792683,
    0.04167987115681172,
    0.0413036435469985,
    0.022036757580935956,
    0.006765864468179643,
    0.010148189254105091,
    0.010432868972420692,
    0.010605869366554544,
    0.01076318959472701,
    0.010919935933779925,
    0.011074506447766908
  ],
  "val_acc_history": [
    95.75,
    98.125,
    99.125,
    99.75,
    99.75,
    99.25,
    98.75,
    99.375,
    99.875,
    99.875,
    99.875,
    99.875,
    99.875,
    99.875,
    99.875
  ],
  "loss": 0.011074506447766908,
  "accuracy": 99.875,
  "precision": 0.9975369458128078,
  "recall": 1.0,
  "f1": 0.9987669543773119
}